{"model":"RandomForest","accuracy":0.8614398200224972,"precision":0.88326682264364,"recall":0.8614398200224972,"f1":0.8420594234524711}
{"model":"MLPClassifier","accuracy":0.7458492688413948,"precision":0.836692861582317,"recall":0.7458492688413948,"f1":0.7614641585849782}
