{"model":"MLPRegressor","rmse":1352.552931136312,"mse":1829399.4315254295,"mae":281.9076189635387,"r2":0.2233235231135846}
{"model":"SVRegressor","rmse":1430.0988216418205,"mse":2045182.6396613233,"mae":232.97975581225262,"r2":0.131712178440493}
