{"epoch":1,"loss":0.5192193649360368}
{"epoch":2,"loss":0.40229990642725827}
{"epoch":3,"loss":0.30421611015508687}
{"epoch":4,"loss":0.22528617543992532}
{"epoch":5,"loss":0.17537893833403898}
{"epoch":6,"loss":0.1376224864533814}
{"epoch":7,"loss":0.11737129556345491}
{"epoch":8,"loss":0.11497572935479641}
{"epoch":9,"loss":0.11389216852159165}
{"epoch":10,"loss":0.11309923205461893}
{"epoch":11,"loss":0.11235521188654973}
{"epoch":12,"loss":0.11165009796684666}
{"epoch":13,"loss":0.11097598075139813}
{"epoch":14,"loss":0.1103286293066312}
{"epoch":15,"loss":0.10970425314030009}
{"epoch":16,"loss":0.10911151421419743}
{"epoch":17,"loss":0.10853966006198461}
{"epoch":18,"loss":0.1079814952508618}
{"epoch":19,"loss":0.1074395877230721}
{"epoch":20,"loss":0.10695781379549445}
{"epoch":21,"loss":0.10704034200826763}
{"epoch":22,"loss":0.10617643665340819}
{"epoch":23,"loss":0.1055673034406403}
{"epoch":24,"loss":0.10503135189329224}
{"epoch":25,"loss":0.10452090038473623}
{"epoch":26,"loss":0.10402363861301372}
{"epoch":27,"loss":0.10353752274987768}
{"epoch":28,"loss":0.10306714675064822}
{"epoch":29,"loss":0.10260738229566672}
{"epoch":30,"loss":0.10215705226062273}
{"epoch":31,"loss":0.10171913653958048}
{"epoch":32,"loss":0.10128838691474543}
{"epoch":33,"loss":0.10086872196702257}
{"epoch":34,"loss":0.10045978225008748}
{"epoch":35,"loss":0.10006673988268687}
{"epoch":36,"loss":0.09969861260749234}
{"epoch":37,"loss":0.09935109209751508}
{"epoch":38,"loss":0.09902242269650899}
{"epoch":39,"loss":0.09872608808815342}
{"epoch":40,"loss":0.09846853765905378}
{"epoch":41,"loss":0.09823698015573425}
{"epoch":42,"loss":0.09814319178834066}
{"epoch":43,"loss":0.09843825665470492}
{"epoch":44,"loss":0.09790209708122861}
{"epoch":45,"loss":0.09758133002339943}
{"epoch":46,"loss":0.0973258521716231}
{"epoch":47,"loss":0.09709689430943037}
{"epoch":48,"loss":0.09688079815985473}
{"epoch":49,"loss":0.09666881434772544}
{"epoch":50,"loss":0.09645934710473802}
{"epoch":51,"loss":0.0962514788941296}
{"epoch":52,"loss":0.0960452467164759}
{"epoch":53,"loss":0.09584119390109141}
{"epoch":54,"loss":0.0956381366520084}
{"epoch":55,"loss":0.09543632032115465}
{"epoch":56,"loss":0.0952360512216215}
{"epoch":57,"loss":0.0950380996780516}
{"epoch":58,"loss":0.09484302370541409}
{"epoch":59,"loss":0.09464992782072196}
{"epoch":60,"loss":0.09445760716764581}
{"epoch":61,"loss":0.09426674904853638}
{"epoch":62,"loss":0.09412057307665804}
{"epoch":63,"loss":0.09459824930348439}
{"epoch":64,"loss":0.09407476719093462}
{"epoch":65,"loss":0.09378776664751091}
{"epoch":66,"loss":0.09357480681171715}
{"epoch":67,"loss":0.09338828114459329}
{"epoch":68,"loss":0.09321492627343146}
{"epoch":69,"loss":0.0930461583583122}
{"epoch":70,"loss":0.09287860937203321}
{"epoch":71,"loss":0.09271245393275633}
{"epoch":72,"loss":0.09254717183380312}
{"epoch":73,"loss":0.0923826016597169}
{"epoch":74,"loss":0.09221878360473469}
{"epoch":75,"loss":0.09205600150182255}
{"epoch":76,"loss":0.09189431380124613}
{"epoch":77,"loss":0.09173340224767657}
{"epoch":78,"loss":0.09157312027752153}
{"epoch":79,"loss":0.0914138243248061}
{"epoch":80,"loss":0.0912684601821748}
{"epoch":81,"loss":0.09190040147924325}
{"epoch":82,"loss":0.09138708944233948}
{"epoch":83,"loss":0.09103497734351981}
{"epoch":84,"loss":0.09084538184139457}
{"epoch":85,"loss":0.09067699535739479}
{"epoch":86,"loss":0.09051663315283079}
{"epoch":87,"loss":0.09035805678465676}
{"epoch":88,"loss":0.09020046369584815}
{"epoch":89,"loss":0.09004363671026754}
{"epoch":90,"loss":0.08988757372154692}
{"epoch":91,"loss":0.08973217890766895}
{"epoch":92,"loss":0.0895776033098454}
{"epoch":93,"loss":0.08942748665263103}
{"epoch":94,"loss":0.08928597151690394}
{"epoch":95,"loss":0.08914543581813891}
{"epoch":96,"loss":0.08900565973907133}
{"epoch":97,"loss":0.08888940068883137}
{"epoch":98,"loss":0.08968117031531102}
{"epoch":99,"loss":0.08930341367442789}
{"epoch":100,"loss":0.08875937958475774}
{"epoch":101,"loss":0.08860315721546694}
{"epoch":102,"loss":0.08847498923264094}
{"epoch":103,"loss":0.08835034523138012}
{"epoch":104,"loss":0.08822781529415816}
{"epoch":105,"loss":0.08810839797147009}
{"epoch":106,"loss":0.08799133534013812}
{"epoch":107,"loss":0.08787513185163674}
{"epoch":108,"loss":0.08775980145166407}
{"epoch":109,"loss":0.08764557116623677}
{"epoch":110,"loss":0.08753172152803655}
{"epoch":111,"loss":0.08742105458440938}
{"epoch":112,"loss":0.08731201436543873}
{"epoch":113,"loss":0.08729660439228387}
{"epoch":114,"loss":0.08822873412015776}
{"epoch":115,"loss":0.08807146430464091}
{"epoch":116,"loss":0.08722035887177099}
{"epoch":117,"loss":0.0870741937982819}
{"epoch":118,"loss":0.08696937629227247}
{"epoch":119,"loss":0.08686773312057762}
{"epoch":120,"loss":0.0867686330984825}
{"epoch":121,"loss":0.08667197392428519}
{"epoch":122,"loss":0.0865777236388539}
{"epoch":123,"loss":0.08648502722603395}
{"epoch":124,"loss":0.08639454021484583}
{"epoch":125,"loss":0.0863073761847856}
{"epoch":126,"loss":0.08622298222962074}
{"epoch":127,"loss":0.08614561891709994}
{"epoch":128,"loss":0.08732855110325054}
{"epoch":129,"loss":0.08729370749982417}
{"epoch":130,"loss":0.08624296277787115}
{"epoch":131,"loss":0.0861315642635084}
{"epoch":132,"loss":0.08604788676335316}
{"epoch":133,"loss":0.08596264061637243}
{"epoch":134,"loss":0.08588700905056998}
{"epoch":135,"loss":0.085810381575724}
{"epoch":136,"loss":0.08574707989883272}
{"epoch":137,"loss":0.08567473782877626}
{"epoch":138,"loss":0.08563816065494984}
{"epoch":139,"loss":0.0855691460502098}
{"epoch":140,"loss":0.08569183508767281}
{"epoch":141,"loss":0.08746277847222192}
{"epoch":142,"loss":0.08807221688131414}
{"epoch":143,"loss":0.08651790143028852}
{"epoch":144,"loss":0.08605170075933036}
{"epoch":145,"loss":0.08589126922548897}
{"epoch":146,"loss":0.08574075358506507}
{"epoch":147,"loss":0.08589396098675998}
{"epoch":148,"loss":0.08557926352463427}
{"epoch":149,"loss":0.08568146882981285}
{"epoch":150,"loss":0.08549767595916988}
{"epoch":151,"loss":0.08572372467569123}
{"epoch":152,"loss":0.08533784524595742}
{"epoch":153,"loss":0.08545056679085197}
{"epoch":154,"loss":0.08529965793091795}
{"epoch":155,"loss":0.08563109218908924}
{"epoch":156,"loss":0.08561452968326723}
{"epoch":157,"loss":0.0865236908862941}
{"epoch":158,"loss":0.08522755624111852}
{"epoch":159,"loss":0.08516799117141993}
{"epoch":160,"loss":0.08516738479918155}
{"epoch":161,"loss":0.08544277812838116}
{"epoch":162,"loss":0.08505268864821316}
{"epoch":163,"loss":0.08539615276412348}
{"epoch":164,"loss":0.08670723353224555}
{"epoch":165,"loss":0.08745679291920197}
{"epoch":166,"loss":0.08542202062098944}
{"epoch":167,"loss":0.0853939405989133}
{"epoch":168,"loss":0.08594644196418162}
{"epoch":169,"loss":0.08502894422471453}
{"epoch":170,"loss":0.08496513907756756}
{"epoch":171,"loss":0.08491365626897661}
{"epoch":172,"loss":0.08489676723882181}
{"epoch":173,"loss":0.08496107209365839}
{"epoch":174,"loss":0.08551375417020551}
{"epoch":175,"loss":0.08556732812905617}
{"epoch":176,"loss":0.08686007503262831}
{"epoch":177,"loss":0.08514475279107576}
{"epoch":178,"loss":0.08500660721991847}
{"epoch":179,"loss":0.08492411741009914}
{"epoch":180,"loss":0.08494180170831145}
{"epoch":181,"loss":0.08496688265796519}
{"epoch":182,"loss":0.08559563047354833}
{"epoch":183,"loss":0.08463802496030877}
{"epoch":184,"loss":0.08461614344033427}
{"epoch":185,"loss":0.08474779501261673}
{"epoch":186,"loss":0.08582290889733615}
{"epoch":187,"loss":0.0852444491730879}
{"epoch":188,"loss":0.08521025946901523}
{"epoch":189,"loss":0.08482232605579201}
{"epoch":190,"loss":0.08532314070478696}
{"epoch":191,"loss":0.08485953876840308}
{"epoch":192,"loss":0.08558996240499166}
{"epoch":193,"loss":0.08469652372541454}
{"epoch":194,"loss":0.08503706171990191}
{"epoch":195,"loss":0.08470021950753787}
{"epoch":196,"loss":0.08539347455799078}
{"epoch":197,"loss":0.08534088078519535}
{"epoch":198,"loss":0.08702551237039366}
{"epoch":199,