{"epoch":1,"loss":1.694604396643874}
{"epoch":2,"loss":1.522922184992239}
{"epoch":3,"loss":1.4167207755626856}
{"epoch":4,"loss":1.3475471640824563}
{"epoch":5,"loss":1.3000043700755721}
{"epoch":6,"loss":1.2654130009005937}
{"epoch":7,"loss":1.2384349946822844}
{"epoch":8,"loss":1.2165845045805763}
{"epoch":9,"loss":1.198469649331336}
{"epoch":10,"loss":1.1827463748567686}
{"epoch":11,"loss":1.1686050328255961}
{"epoch":12,"loss":1.1553301646891752}
{"epoch":13,"loss":1.1426679771747563}
{"epoch":14,"loss":1.131096127849764}
{"epoch":15,"loss":1.120281638595039}
{"epoch":16,"loss":1.1100985840721884}
{"epoch":17,"loss":1.1004506764774027}
{"epoch":18,"loss":1.0912160457456899}
{"epoch":19,"loss":1.0822982683376452}
{"epoch":20,"loss":1.0736428264996465}
{"epoch":21,"loss":1.0652563194030618}
{"epoch":22,"loss":1.0571769039528434}
{"epoch":23,"loss":1.0494036142573497}
{"epoch":24,"loss":1.0418849374332202}
{"epoch":25,"loss":1.0345745067801067}
{"epoch":26,"loss":1.0274469342414696}
{"epoch":27,"loss":1.020485620718013}
{"epoch":28,"loss":1.0136633824999508}
{"epoch":29,"loss":1.0069287325913414}
{"epoch":30,"loss":1.0002653731690005}
{"epoch":31,"loss":0.9937293838317288}
{"epoch":32,"loss":0.987436666358515}
{"epoch":33,"loss":0.9814196412394707}
{"epoch":34,"loss":0.9755761014192884}
{"epoch":35,"loss":0.9698890026801533}
{"epoch":36,"loss":0.9643272426129441}
{"epoch":37,"loss":0.9588654716707253}
{"epoch":38,"loss":0.9534939913427155}
{"epoch":39,"loss":0.9481648217899427}
{"epoch":40,"loss":0.9428577591585399}
{"epoch":41,"loss":0.9377623762537257}
{"epoch":42,"loss":0.9328379628936829}
{"epoch":43,"loss":0.927984589346714}
{"epoch":44,"loss":0.9231450715467833}
{"epoch":45,"loss":0.9183369304958122}
{"epoch":46,"loss":0.9136223464377854}
{"epoch":47,"loss":0.9089849471073475}
{"epoch":48,"loss":0.9043720134910175}
{"epoch":49,"loss":0.8997315370822276}
{"epoch":50,"loss":0.8950379129375265}
{"epoch":51,"loss":0.890328206578215}
{"epoch":52,"loss":0.8856328803452997}
{"epoch":53,"loss":0.8809688043787401}
{"epoch":54,"loss":0.8763872011398485}
{"epoch":55,"loss":0.8719191962950686}
{"epoch":56,"loss":0.8676132237732868}
{"epoch":57,"loss":0.8635371962655705}
{"epoch":58,"loss":0.8596567597052137}
{"epoch":59,"loss":0.8559301841075806}
{"epoch":60,"loss":0.8523454241784414}
{"epoch":61,"loss":0.8488669707928369}
{"epoch":62,"loss":0.8454678788039114}
{"epoch":63,"loss":0.8422042522774278}
{"epoch":64,"loss":0.8390324669545633}
{"epoch":65,"loss":0.8359362010928353}
{"epoch":66,"loss":0.8329900512491272}
{"epoch":67,"loss":0.8301639937852658}
{"epoch":68,"loss":0.8274162851578073}
{"epoch":69,"loss":0.8247217740872759}
{"epoch":70,"loss":0.8220615803304328}
{"epoch":71,"loss":0.8194163038989329}
{"epoch":72,"loss":0.816759239952082}
{"epoch":73,"loss":0.8140622597047249}
{"epoch":74,"loss":0.8113529868417017}
{"epoch":75,"loss":0.8087159837711334}
{"epoch":76,"loss":0.8062063345509192}
{"epoch":77,"loss":0.8038665990028429}
{"epoch":78,"loss":0.8016690570182926}
{"epoch":79,"loss":0.7995678879550537}
{"epoch":80,"loss":0.7975390363987107}
{"epoch":81,"loss":0.7955700410322218}
{"epoch":82,"loss":0.7936533260928352}
{"epoch":83,"loss":0.791783653207244}
{"epoch":84,"loss":0.7899570877881544}
{"epoch":85,"loss":0.7881705118193199}
{"epoch":86,"loss":0.786421359081521}
{"epoch":87,"loss":0.7847074546222388}
{"epoch":88,"loss":0.7830269095251257}
{"epoch":89,"loss":0.7813780478994481}
{"epoch":90,"loss":0.7797593539095364}
{"epoch":91,"loss":0.7781694319073384}
{"epoch":92,"loss":0.7766069756879609}
{"epoch":93,"loss":0.7750707450710748}
{"epoch":94,"loss":0.7735595502456524}
{"epoch":95,"loss":0.7720722472277283}
{"epoch":96,"loss":0.7706077512889025}
{"epoch":97,"loss":0.7691650770662732}
{"epoch":98,"loss":0.767743407294845}
{"epoch":99,"loss":0.766342167191939}
{"epoch":100,"loss":0.7649610461151772}
